feature,importances,std_dev
Mo,0.32885258723115,0.2026871040143001
a0,0.3183208322150976,0.2420002252729995
tao_110_iss,0.07122630715628026,0.06424516548444657
