feature,importances,std_dev
Ti,-0.002424094071587816,0.004344662572844427
Zr,-0.00046212433251859443,0.012872773524806973
a0,1.4130270086813732,1.1241757579185803
