feature,importances,std_dev
Zr,0.001725520577527218,0.008131889893028358
a0,1.2198539932938983,1.0423432869270708
Ecoh_(eV),-0.0021189874963683706,0.0057113811296857185
