feature,importances,std_dev
Mo,0.28088909251118516,0.2383237290953173
C44,0.13179995915387563,0.09700500838650299
gamma_123_usf,0.20635217091184732,0.18963342942804515
