feature,importances,std_dev
Mo,0.663663616282305,0.4774554581746842
Hf,0.023582102470101274,0.039015370800639125
C44,0.2737380910855436,0.16701743087417553
