feature,importances,std_dev
Nb,0.0,0.0
Mo,0.5652801654647039,0.43958732964939723
C44,0.29087813208479046,0.19999907738556444
