feature,importances,std_dev
Ti,0.005971213146786662,0.04783635182806576
Mo,0.472203921809784,0.41314580058504835
C44,0.21671337148184966,0.19558906524338757
