feature,importances,std_dev
C11,0.2716770318860844,0.18648929868840955
C44,0.11142702551830495,0.06677630277768189
gamma_112_usf,0.2709452800470138,0.17225952320863525
