feature,importances,std_dev
C11,0.16043481600457685,0.12726935129471237
gamma_112_usf,0.23280375721657484,0.14695101154151038
gamma_123_usf,0.243957592058594,0.15603765098064257
