feature,importances,std_dev
C11,0.22471106782270708,0.17191771338454184
gamma_123_usf,0.2875057121477436,0.18506954254291763
tao_112_iss,0.09774771097511416,0.08390984842832065
