feature,importances,std_dev
C11,0.09252302784885182,0.0770045575887545
C12,0.2593994515570574,0.18879474571417998
gamma_112_usf,0.2695351548175466,0.16930743473518153
