feature,importances,std_dev
C11,0.2558227036690613,0.1898011548932359
Ecoh_(eV),0.001299773143861244,0.004294309410551101
gamma_112_usf,0.43711266726157744,0.2711075303291243
