feature,importances,std_dev
C11,0.20743357898220158,0.15329534004244016
C12,0.22720806905117208,0.16933633528656836
gamma_123_usf,0.179650421756266,0.12343354525690979
