feature,importances,std_dev
C11,0.16236138175962864,0.12054952506617138
C12,0.25733330879779465,0.1847113098908957
gamma_110_usf,0.27368823941536763,0.17077827185823738
