feature,importances,std_dev
C11,0.10509236356518498,0.0976925481809549
gamma_110_usf,0.29168982813339256,0.18938841716817298
gamma_112_usf,0.25072071061501494,0.15503851978322983
