feature,importances,std_dev
C11,0.2099506745405575,0.1391544515925068
C44,0.12286893088720786,0.07738244064107061
gamma_123_usf,0.31427639107048844,0.1929239194339317
