feature,importances,std_dev
C11,0.14922282797157188,0.11970903915431173
gamma_110_usf,0.29845939729486853,0.18987925591616195
gamma_123_usf,0.2447450846924333,0.15269826611030246
