feature,importances,std_dev
C12,0.3254458491002173,0.2386292038106066
gamma_110_usf,0.35058316416045293,0.22186333039155168
tao_112_iss,0.04402490578285793,0.040429809179722935
