feature,importances,std_dev
C12,0.25193854727269777,0.1787793035462807
gamma_112_usf,0.21903710285184944,0.13483921045288857
gamma_123_usf,0.23306059116174213,0.14564703332634424
