feature,importances,std_dev
C12,0.36771834032790296,0.25068982322095196
gamma_123_usf,0.3515827680265245,0.21164849769466987
tao_112_iss,0.04123192012277757,0.03500072399917409
