feature,importances,std_dev
C12,0.3486848449921686,0.26021916455770616
gamma_112_usf,0.28995986625251713,0.18294744412848082
tao_112_iss,0.05759321806232894,0.062104536979818
