feature,importances,std_dev
C12,0.2878480388780947,0.2160331612286147
C44,0.0976820104236809,0.08073282022438201
gamma_112_usf,0.2835704005038736,0.1819972571410543
