feature,importances,std_dev
C12,0.20000574396821477,0.1443179091932544
gamma_110_usf,0.3036039244797695,0.19084327733052422
gamma_123_usf,0.22305454256386872,0.13977652448762473
