feature,importances,std_dev
C12,0.31797175274000894,0.2269133040802793
gamma_112_usf,0.29323526573385766,0.18213449707730503
tao_110_iss,0.07428326913184798,0.0671445899730942
