feature,importances,std_dev
C12,0.3369977874738619,0.24073814202565058
gamma_110_usf,0.22516377619345018,0.14139822708947355
gamma_112_usf,0.1456617912799706,0.09022816838829308
