feature,importances,std_dev
C12,0.310976653460313,0.23188973191220472
Ecoh_(eV),0.0008257695209391222,0.003380355189791604
gamma_110_usf,0.4791902944436494,0.3022853369264638
