feature,importances,std_dev
C12,0.4102213678530968,0.2850699552547319
Ecoh_(eV),-0.0007248296877810576,0.0028432123162735155
gamma_112_usf,0.39270558338562617,0.23923939362645597
