feature,importances,std_dev
C12,0.2918510673774144,0.2139765169386315
gamma_123_usf,0.33180250025992214,0.2053283213412134
tao_110_iss,0.08647733763699922,0.06738177471792438
