feature,importances,std_dev
C12,0.2996199287410634,0.2150981232422696
Ecoh_(eV),0.0033036810649551135,0.005009947060126512
gamma_123_usf,0.4446622489588794,0.277093669867527
