feature,importances,std_dev
C12,0.28036541996490577,0.20281668805764363
gamma_110_usf,0.3440110298926276,0.21219781079450187
tao_110_iss,0.07147180376298246,0.05698364821816212
