feature,importances,std_dev
C12,0.2791878708723863,0.21032751783836034
C44,0.10227298343747733,0.08329096212109773
gamma_123_usf,0.2939107423846303,0.18033772759818856
