feature,importances,std_dev
C44,0.08988463439167083,0.06035067222395458
Ecoh_(eV),-0.0030342043394375622,0.0032288639956901642
gamma_123_usf,0.7498282325542016,0.4495390428182355
