feature,importances,std_dev
C44,0.14804890300235257,0.094427005072736
Ecoh_(eV),0.0005744817942249884,0.0027864048905021197
gamma_112_usf,0.7022567318579914,0.4217422521583769
