feature,importances,std_dev
C44,0.15140484324094775,0.09861513062940015
gamma_110_usf,0.5484982393412469,0.33050404436770237
tao_112_iss,0.031174993726580003,0.03623558085499223
