feature,importances,std_dev
C44,0.12964391801344147,0.082469925723811
gamma_112_usf,0.23121744092497018,0.1412103386571212
gamma_123_usf,0.3564806555791338,0.21569878942620613
