feature,importances,std_dev
C44,0.12368340328870746,0.07483005238009838
gamma_123_usf,0.5477591614955898,0.3344330016185353
tao_112_iss,0.06800078645398462,0.06044857301170798
