feature,importances,std_dev
C44,0.1064060794680739,0.07367499745605981
gamma_110_usf,0.5768084616791685,0.35488720192656703
tao_110_iss,0.0820599715362428,0.07005106908839483
