feature,importances,std_dev
C44,0.12142967617649432,0.07929218108737791
gamma_110_usf,0.39258065574982326,0.23259662198127115
gamma_112_usf,0.2499757650510711,0.15228986546784823
