feature,importances,std_dev
C44,0.13844915775917357,0.09398060084526565
gamma_110_usf,0.2828098492770313,0.17316507894525793
gamma_123_usf,0.26149068350071725,0.16286937691889902
