feature,importances,std_dev
Ecoh_(eV),0.0011159327402070485,0.0025159603968431545
gamma_112_usf,0.37155452866526756,0.22444841103649316
gamma_123_usf,0.4319258628030766,0.2626651839869438
