feature,importances,std_dev
Ecoh_(eV),-0.0006455073711744581,0.002898020490745459
gamma_110_usf,0.4312961390914059,0.25720885933320053
gamma_123_usf,0.37431033472859093,0.22804262688455215
