feature,importances,std_dev
Ecoh_(eV),0.0031033718896766502,0.005376940042273377
gamma_110_usf,0.4772893319681613,0.2920664093907263
gamma_112_usf,0.30145886443115344,0.18525184536777162
