feature,importances,std_dev
Ecoh_(eV),-0.0006993119846719584,0.0051650618381149154
gamma_112_usf,0.7770966926661863,0.46472709461329825
tao_112_iss,0.08793443997237328,0.0668415603632759
