feature,importances,std_dev
Ta,-0.0047249669325167545,0.026583043032707473
Ti,0.00013567137027598966,0.0033324217128406657
gamma_110_usf,1.084792765501885,0.6542916095252557
