feature,importances,std_dev
gamma_112_usf,0.29435020810409845,0.18385194083856193
gamma_123_usf,0.32840362548112645,0.2058917884352535
tao_112_iss,0.07144345305967575,0.06400089112664072
