feature,importances,std_dev
gamma_110_usf,0.26069079544603313,0.16425259479871726
gamma_112_usf,0.35639002685835064,0.2173116765300712
tao_110_iss,0.09477565195931942,0.07791524173792398
