feature,importances,std_dev
gamma_110_usf,0.2007845974253422,0.1286324838231805
gamma_112_usf,0.1905809727108562,0.11601598328545239
gamma_123_usf,0.34651888778831613,0.21921207310201254
