feature,importances,std_dev
gamma_112_usf,0.33516096288915603,0.20727925381294754
gamma_123_usf,0.3477680586235421,0.22040477937988115
tao_110_iss,0.04523672159956768,0.04677350718279879
