feature,importances,std_dev
gamma_110_usf,0.3940481705157699,0.24029096156139831
gamma_123_usf,0.2835132819422172,0.17960616178677266
tao_112_iss,0.05571264929541107,0.04559319289054464
