feature,importances,std_dev
gamma_110_usf,0.308463275520983,0.19639770462856496
gamma_112_usf,0.33550935277949484,0.2108682941245487
tao_112_iss,0.0674983019957458,0.05827719569941429
