feature,importances,std_dev
gamma_110_usf,0.3334646901192531,0.20686662945876966
gamma_123_usf,0.27133000553204806,0.1680055247188884
tao_110_iss,0.07516093200110473,0.06098219287815973
