feature,importances,std_dev
Hf,0.006960647434632854,0.017374625784630268
C44,0.15438969394734817,0.09461040776188241
gamma_112_usf,0.6292327847573299,0.3780965319697834
