feature,importances,std_dev
Hf,0.013258534804838788,0.03438885508330506
C12,0.3195784444171437,0.23060965096115424
gamma_112_usf,0.370411250380343,0.23225638545463553
