feature,importances,std_dev
Hf,-0.0008780592191212078,0.010910240048545813
C12,0.3337645681146575,0.23675163518053532
gamma_110_usf,0.5166562815486585,0.315779193780987
