feature,importances,std_dev
Hf,0.004418710994469974,0.01709784972590238
C44,0.12202411779632032,0.07518641741826738
gamma_110_usf,0.6991446943860079,0.42313242405204216
