feature,importances,std_dev
Hf,0.009106298888273868,0.023499499156940506
C12,0.3038430440203691,0.21767052203598294
gamma_123_usf,0.44869792140698733,0.2730636901170553
