feature,importances,std_dev
Hf,-0.0001740704030329295,0.025807450257292374
Ecoh_(eV),0.0013558293847830787,0.0044383640569632685
gamma_123_usf,1.0060951705948646,0.6020530977479718
