feature,importances,std_dev
Hf,-0.0047857323377924225,0.03855169542380828
Ecoh_(eV),0.0019677695492858007,0.004090974548458289
gamma_112_usf,0.9656507176748064,0.5828214044521272
