feature,importances,std_dev
Hf,0.0009299516167081104,0.02464038611516602
Ecoh_(eV),0.0033229936517269304,0.004725316128078065
gamma_110_usf,1.0347357322056645,0.6127074739131749
