feature,importances,std_dev
Hf,-0.0006547589095758795,0.029466910501493845
gamma_123_usf,0.5972457829744235,0.36810064458338915
tao_112_iss,0.11368188713844934,0.10381305471076313
