feature,importances,std_dev
Hf,0.0020283990828942216,0.023982101323536512
gamma_110_usf,0.37680321127147814,0.2293599948349213
gamma_123_usf,0.4313074398165257,0.2612746852217917
