feature,importances,std_dev
Hf,0.0033812958831588124,0.03252394114652123
gamma_112_usf,0.4121802951451509,0.25415498350069604
gamma_123_usf,0.352081056913629,0.21673708714194626
