feature,importances,std_dev
Hf,0.0003332196774783478,0.03807379963794781
gamma_123_usf,0.6599198712825659,0.4057389085453098
tao_110_iss,0.09675699459694648,0.0849925299528846
