feature,importances,std_dev
Hf,-0.0022280952978261594,0.02549944831985733
gamma_110_usf,0.693194609863689,0.42812934660089447
tao_110_iss,0.11076011309030571,0.09080721419482128
