feature,importances,std_dev
Hf,0.005382915207495783,0.0285804994503913
gamma_110_usf,0.35504385653232157,0.21738266795653635
gamma_112_usf,0.4226350638251901,0.2607307717887867
