feature,importances,std_dev
Hf,0.00033148558928962975,0.021990164297988724
Zr,0.0011704795287218238,0.029436578546113135
gamma_123_usf,0.9670672452673323,0.5914723643744769
