feature,importances,std_dev
Hf,0.0019613772955061758,0.026319728945419563
Zr,-0.0003047868797472263,0.010307823739559229
gamma_110_usf,0.9171393588120337,0.5429052131501997
