feature,importances,std_dev
Hf,-0.0005261879902566203,0.014400636932861957
Zr,0.000551925086867522,0.013273428135119983
gamma_112_usf,1.0472018569333257,0.6280952329219022
