feature,importances,std_dev
Mo,0.21317355875745372,0.18280671975529236
C12,0.19671992295766647,0.17189068297564572
gamma_110_usf,0.23243043654897744,0.15086305204059056
