feature,importances,std_dev
Mo,0.2533342694164028,0.20366647730275886
C12,0.1406109291352684,0.12682261530348618
gamma_112_usf,0.26091839823914476,0.16811909206463152
