feature,importances,std_dev
Mo,0.22843286091395523,0.1758037560470356
C44,0.1506892103261412,0.10863579448253503
gamma_110_usf,0.2670608468666391,0.16927379942931098
