feature,importances,std_dev
Mo,0.23986853933229998,0.19195812843961366
C12,0.20320267866171696,0.1659979051884386
gamma_123_usf,0.23539027890250322,0.14360539429696362
