feature,importances,std_dev
Mo,0.3235063991909229,0.23843593097671614
C44,0.0763096307858195,0.051701064050653354
gamma_112_usf,0.2644697632333249,0.16729359357578913
