feature,importances,std_dev
Mo,0.3051567066521735,0.227733134827611
Ecoh_(eV),0.004288218380277121,0.004229733059945338
gamma_110_usf,0.47058334385445416,0.2983514245979125
