feature,importances,std_dev
Mo,0.35503596717114844,0.256804622476823
Ecoh_(eV),0.0023382960691410944,0.0043855718866776215
gamma_112_usf,0.41516468020819786,0.26679938207562115
