feature,importances,std_dev
Mo,0.37951586745633986,0.27289269256293097
Ecoh_(eV),0.003776491317076603,0.005296681696732756
gamma_123_usf,0.3695093258840247,0.2335869126772796
