feature,importances,std_dev
Mo,0.3132113904577036,0.22091075613152353
gamma_110_usf,0.1794497992658843,0.11567800050562217
gamma_112_usf,0.23006971971460263,0.1415347612438047
