feature,importances,std_dev
Mo,0.33839100100678854,0.23500008338745804
gamma_123_usf,0.3180793627576766,0.19455653251026486
tao_110_iss,0.0865118333247788,0.06246731288252901
