feature,importances,std_dev
Mo,0.310818235480078,0.23442190208638103
gamma_123_usf,0.29786216164240836,0.19506551572776068
tao_112_iss,0.061887255895868847,0.05970283624600645
