feature,importances,std_dev
Mo,0.22342988347400214,0.16300169967259467
gamma_112_usf,0.31355824765353735,0.1948878993490636
tao_110_iss,0.1270384830785441,0.09844229352015409
