feature,importances,std_dev
Mo,0.33563752426418225,0.24243166868587265
gamma_112_usf,0.23833281794947872,0.15312473092129447
tao_112_iss,0.10294570592907937,0.07356587936695912
