feature,importances,std_dev
Mo,0.34657725424027414,0.24299323752214422
gamma_110_usf,0.24170957453490494,0.14849133235538373
gamma_123_usf,0.13574715108842278,0.08764993486950606
