feature,importances,std_dev
Mo,0.18524957664055972,0.1295488833074269
gamma_112_usf,0.28637542068465677,0.17659895064994183
gamma_123_usf,0.275307007204059,0.1668125413496995
