feature,importances,std_dev
Mo,0.32291089113207233,0.22908104393816422
Hf,0.001380183441612546,0.009965231946039104
gamma_110_usf,0.49627444203606297,0.30538090382632055
