feature,importances,std_dev
Mo,0.30051943658261876,0.21508950169948696
Hf,0.0018854264723990905,0.012584696618718002
gamma_123_usf,0.5277203442182737,0.3216138403838356
