feature,importances,std_dev
Mo,0.3407601155572784,0.2487131752645566
Hf,0.01037770798502805,0.03449251205528812
gamma_112_usf,0.42791439884713983,0.2700529673753134
