feature,importances,std_dev
Mo,0.23478592243716576,0.16859671599288417
Zr,-0.0027084973853989582,0.007331636348237362
gamma_110_usf,0.6246002683755475,0.37635549431772136
