feature,importances,std_dev
Mo,0.36221418517141335,0.25959558283399414
Zr,-0.002750057398071435,0.009141312652318921
gamma_123_usf,0.4515768369999676,0.27499231420151976
