feature,importances,std_dev
Mo,0.4225119151532173,0.3033979713544676
Zr,-0.0005523961650842223,0.011566680176318433
gamma_112_usf,0.38851566185171826,0.2418233168221777
