feature,importances,std_dev
Nb,0.0,0.0
C11,0.16622641882826092,0.14425217055959508
gamma_123_usf,0.5506647068043399,0.3411157535410448
