feature,importances,std_dev
Nb,0.0,0.0
C12,0.4237486951604772,0.3247519293347066
gamma_110_usf,0.33076119322043607,0.23482971921334925
