feature,importances,std_dev
Nb,0.0,0.0
C44,0.11148926395122265,0.07512516815976852
gamma_110_usf,0.7579350752975887,0.44957368925890867
