feature,importances,std_dev
Nb,0.0,0.0
C44,0.1728995787133056,0.11745307734033633
gamma_112_usf,0.6330367468217121,0.37971520231003253
