feature,importances,std_dev
Nb,0.0,0.0
C12,0.3337674534390618,0.23351782100340043
gamma_112_usf,0.4449734528557567,0.2693384583852502
