feature,importances,std_dev
Nb,0.0,0.0
C12,0.33689657136368734,0.24727959259259577
gamma_123_usf,0.40433192412504343,0.2507379120967743
