feature,importances,std_dev
Nb,0.0,0.0
Ecoh_(eV),0.0009528633010466048,0.004020859842532192
gamma_110_usf,1.014053449812626,0.5973570430386431
