feature,importances,std_dev
Nb,0.0,0.0
Ecoh_(eV),0.002159091998858107,0.003966833799117713
gamma_112_usf,1.0584915073074193,0.6239191795118723
