feature,importances,std_dev
Nb,0.0,0.0
Ecoh_(eV),0.003631375015165602,0.005862557211496862
gamma_123_usf,1.0244403547649739,0.6080211973279884
