feature,importances,std_dev
Nb,0.0,0.0
gamma_110_usf,0.39179228929618604,0.23857784787507985
gamma_112_usf,0.38100623729119776,0.23155243042369553
