feature,importances,std_dev
Nb,0.0,0.0
gamma_112_usf,0.7008469271720719,0.42445840848436484
tao_112_iss,0.0936121554566967,0.08966315278089637
