feature,importances,std_dev
Nb,0.0,0.0
gamma_123_usf,0.5958018578745453,0.3634505550323824
tao_110_iss,0.14062322722195245,0.11594673819466429
