feature,importances,std_dev
Nb,0.0,0.0
gamma_123_usf,0.6439000874713416,0.39266757189948925
tao_112_iss,0.12238840040616135,0.10259200124012019
