feature,importances,std_dev
Nb,0.0,0.0
gamma_112_usf,0.3986785145643292,0.25777498962082396
gamma_123_usf,0.37917458996100484,0.23735483439840852
