feature,importances,std_dev
Nb,0.0,0.0
gamma_110_usf,0.7596606376232694,0.45534021332856733
tao_112_iss,0.061610005913758766,0.05865554308089066
