feature,importances,std_dev
Nb,0.0,0.0
gamma_110_usf,0.4706994766974606,0.28513115501975045
gamma_123_usf,0.30322545127701567,0.18185795837348906
