feature,importances,std_dev
Nb,0.0,0.0
Hf,0.0020801046724135976,0.013665945758269871
gamma_123_usf,1.0636161607714338,0.6335763414764727
