feature,importances,std_dev
Nb,0.0,0.0
Hf,0.0007062105691482073,0.016360722018515246
gamma_112_usf,1.0080012895594699,0.5976605801239269
