feature,importances,std_dev
Nb,0.0,0.0
Hf,0.005557602872131161,0.026250284872085958
gamma_110_usf,0.9751796919718748,0.5788756323379526
