feature,importances,std_dev
Nb,0.0,0.0
Mo,0.36025055157887537,0.24801304113831876
gamma_110_usf,0.4809152438178839,0.2895894269696602
