feature,importances,std_dev
Nb,0.0,0.0
Mo,0.3540059453259012,0.2542951842126527
gamma_112_usf,0.4217492195869021,0.2587386882339197
