feature,importances,std_dev
Nb,0.0,0.0
Mo,0.38764479893567705,0.2741941847826624
gamma_123_usf,0.4065376693236992,0.24905930271855767
