feature,importances,std_dev
Nb,0.0,0.0
Ta,-0.0004930237117160959,0.02203442006424812
gamma_110_usf,1.0679153317134098,0.636374595471714
