feature,importances,std_dev
Nb,0.0,0.0
Ta,-0.0040100965908169495,0.021624265004994675
gamma_112_usf,1.0362270773561677,0.6153588777612963
