feature,importances,std_dev
Nb,0.0,0.0
Ti,0.0025988737104209853,0.004287007943547364
gamma_112_usf,1.0928958040777355,0.6548085896569359
