feature,importances,std_dev
Nb,0.0,0.0
Ta,-0.0017519338747009775,0.025654804854554545
gamma_123_usf,0.9010443086095692,0.5380868089552306
