feature,importances,std_dev
Nb,0.0,0.0
Ti,0.0012000407769703185,0.004843452164531252
gamma_123_usf,1.0624605866342456,0.6277399927251893
