feature,importances,std_dev
Nb,0.0,0.0
Ti,0.002951970727786605,0.004840395804283444
gamma_110_usf,1.023010411861706,0.605047317286073
