feature,importances,std_dev
Nb,0.0,0.0
Zr,4.0119011889522305e-05,0.01048750605973231
gamma_123_usf,0.9915964127558019,0.5923298953915989
