feature,importances,std_dev
Nb,0.0,0.0
Zr,-0.0003653568252821832,0.010399905104403008
gamma_112_usf,0.9831585192034225,0.5807303029259511
