feature,importances,std_dev
Ta,-0.008402820476490878,0.03203332818555719
C11,0.24834531159099682,0.1951825857157825
gamma_112_usf,0.43159933039918746,0.27885980483164613
