feature,importances,std_dev
Ta,-0.00446150851610522,0.013489856421714637
C12,0.3616294972910759,0.28155128476635083
gamma_110_usf,0.3298925639878529,0.22698524157941247
