feature,importances,std_dev
Ta,-0.005886211575199416,0.013919726046096275
C12,0.35852402655363713,0.2701267334825719
gamma_112_usf,0.3540988044219684,0.23464529102868562
