feature,importances,std_dev
Ta,0.0030357017443974773,0.016090870949221795
C44,0.19693652393539351,0.13174410533910913
gamma_112_usf,0.5552898220888061,0.3323583930373872
