feature,importances,std_dev
Ta,-0.003588454806113214,0.01676368215593105
C12,0.3046039734345715,0.23075328646119142
gamma_123_usf,0.44512790149297543,0.2866805316088641
