feature,importances,std_dev
Ta,0.0033533166443586795,0.01805761683836583
C44,0.18762902155073322,0.11792980394251552
gamma_123_usf,0.6189166398749445,0.3710810502618376
