feature,importances,std_dev
Ta,0.002902059358947594,0.021542897944654523
C44,0.18579873846538064,0.13156556584179138
gamma_110_usf,0.5815730809213415,0.34982248579028336
