feature,importances,std_dev
Ta,-0.0008346816637161391,0.015008008364699156
Ecoh_(eV),0.0007378806802965677,0.0038742477391942513
gamma_112_usf,1.060260011768633,0.6339038652154172
