feature,importances,std_dev
Ta,-0.0028280039547422804,0.01575206900902804
Ecoh_(eV),0.0012387021002922226,0.0038007103017450405
gamma_123_usf,1.092929682134695,0.6476510679298654
