feature,importances,std_dev
Ta,-0.0005554855514722836,0.01668662619754295
Ecoh_(eV),0.0023904073164388562,0.004061089823167835
gamma_110_usf,0.9569610842613846,0.5661865634752686
