feature,importances,std_dev
Ta,-0.0004766755637495499,0.02112426108650188
gamma_110_usf,0.38791736749698663,0.2376223566911143
gamma_123_usf,0.3963915967652027,0.24237646009243363
