feature,importances,std_dev
Ta,-0.0007938100398280835,0.019665342729404355
gamma_123_usf,0.6842273041069734,0.42725954728231047
tao_110_iss,0.11728167054223171,0.09820631674880247
