feature,importances,std_dev
Ta,-0.00131105983572769,0.01785590793351619
gamma_110_usf,0.4456209114290723,0.2759662803391763
gamma_112_usf,0.34642250668773505,0.21304731747444364
