feature,importances,std_dev
Ta,-0.004123415363118379,0.02654082876694394
gamma_110_usf,0.5887695344442992,0.3632913698219283
tao_112_iss,0.1518031741097476,0.12141434245790744
