feature,importances,std_dev
Ta,0.00016315183404821198,0.023940453157391267
gamma_112_usf,0.48312927546487755,0.30127094786490777
gamma_123_usf,0.3037132864423207,0.19257808412379274
