feature,importances,std_dev
Ta,-0.004051667040858956,0.038185711496326685
Hf,-0.0019427205254649875,0.022646669821777505
gamma_112_usf,0.9597325640922044,0.5781389181619554
