feature,importances,std_dev
Ta,-0.005751609552021323,0.032984709612471484
Hf,-0.0008129598895328644,0.030792095671950362
gamma_123_usf,0.9855530112765422,0.6040244187352489
