feature,importances,std_dev
Ta,-0.003553341659249709,0.02703165755377633
Hf,-0.003424422083402991,0.02522171896044374
gamma_110_usf,0.9988085088739553,0.5997230534265342
