feature,importances,std_dev
Ta,-0.012029955555847613,0.02294161868543469
Mo,0.39577752162633645,0.3025709111084528
gamma_112_usf,0.37338232196542637,0.25203892709190906
