feature,importances,std_dev
Ta,-0.0034738394067348895,0.020259660732984505
Mo,0.27021103969526866,0.19810128635162258
gamma_110_usf,0.5216331342359519,0.33122905099399047
