feature,importances,std_dev
Ta,-0.007571092647581702,0.02103902725723018
Mo,0.32006959030585286,0.23793636253657416
gamma_123_usf,0.40581836942864086,0.26100668546224604
