feature,importances,std_dev
Ta,0.0010406534106425652,0.021996589089353133
Ti,0.002522870735560033,0.00488317896259195
gamma_112_usf,1.021915437284334,0.6118954927257874
