feature,importances,std_dev
Ta,-0.0007689480506170316,0.025844463003848583
Ti,0.0013750679664353606,0.005699653679412578
gamma_123_usf,1.0489182174151295,0.6288325857345641
