feature,importances,std_dev
Ta,-0.002085936189669945,0.029633261558993363
Ti,0.0017823366407819137,0.005999699335044948
gamma_110_usf,1.0430955010041802,0.6234961632889638
