feature,importances,std_dev
Ta,-0.005630793051105955,0.03352958946499226
Zr,-0.005445466191545179,0.016879878870282392
gamma_110_usf,1.0028924519672633,0.6060625120599935
