feature,importances,std_dev
Ta,-0.008208658692468762,0.028605100089217763
Zr,-0.005086786225629598,0.01620134059512304
gamma_123_usf,1.0144541478807507,0.6177151769973364
