feature,importances,std_dev
Ta,-0.004939196781658301,0.028808411827081142
Zr,-0.0051575961621517594,0.014720105992996323
gamma_112_usf,0.9894536209615256,0.607570400154465
