feature,importances,std_dev
Ti,0.0011543490866444198,0.0029341524954117153
C12,0.44782454761086293,0.33464760775964825
gamma_110_usf,0.2852124188637113,0.20006640851290272
