feature,importances,std_dev
Ti,-0.0005003782190772752,0.0036265747987046914
C12,0.366676180724493,0.2572212783402093
gamma_112_usf,0.40012240561220724,0.24340209292423856
