feature,importances,std_dev
Ti,0.0037265641746561176,0.00609644485762111
C11,0.29287656160963993,0.20854360044616257
gamma_123_usf,0.4669601830155774,0.29219005777727297
