feature,importances,std_dev
Ti,0.003218626107502176,0.004690795540194414
C11,0.29362607132824065,0.22038148959009032
gamma_112_usf,0.4080074007586922,0.2551442923388764
