feature,importances,std_dev
Ti,0.0005845482930789658,0.003224234435004447
C44,0.1493699464080221,0.10362444312164838
gamma_110_usf,0.621037258946375,0.372923414000712
