feature,importances,std_dev
Ti,0.0022531595588147096,0.0032338573013745635
C12,0.28684915414424583,0.21258074486418366
gamma_123_usf,0.48675650137255616,0.3028934560726678
