feature,importances,std_dev
Ti,0.0030696984123282415,0.005115376115030293
C44,0.13503533852955887,0.09535764680880272
gamma_123_usf,0.7113765061125615,0.42753812707884037
