feature,importances,std_dev
Ti,0.0009040636940741651,0.0032341420945348662
Ecoh_(eV),0.0005882804878351323,0.002924402068307675
gamma_110_usf,1.0679654457047858,0.6321951203009611
