feature,importances,std_dev
Ti,0.0011372790623223837,0.004495616474781157
Ecoh_(eV),0.0011378927088663351,0.002140921182094304
gamma_112_usf,1.1341571146343963,0.6735618531145282
