feature,importances,std_dev
Ti,0.003008403382796905,0.0030061653699300114
Ecoh_(eV),-0.0001934724060083104,0.003055032589670339
gamma_123_usf,1.0497826717422774,0.6253809329565223
