feature,importances,std_dev
Ti,0.0028466445801923874,0.005896748322113634
gamma_110_usf,0.6531579831457843,0.40579284952038147
tao_110_iss,0.16312175853401975,0.1367296394612029
