feature,importances,std_dev
Ti,-7.011022238830045e-06,0.003741027761337973
gamma_112_usf,0.744741425679718,0.4455819713418414
tao_112_iss,0.12047825439197636,0.08852378506017204
