feature,importances,std_dev
Ti,0.0016726742992713265,0.0032605135330430746
gamma_112_usf,0.4736206975342257,0.29007793325718434
gamma_123_usf,0.3382144163764622,0.21099836424863724
