feature,importances,std_dev
Ti,0.0009577355024230813,0.005332500716081067
gamma_112_usf,0.6236850393687237,0.3839450470781309
tao_110_iss,0.16776519193674366,0.13194668453256367
