feature,importances,std_dev
Ti,-0.00037160134861813815,0.004850978026434645
gamma_123_usf,0.6071126136813966,0.3727705684644316
tao_112_iss,0.1335397296883301,0.11061319328179209
