feature,importances,std_dev
Ti,0.0006484283251611314,0.005921412404043342
gamma_123_usf,0.711422476476652,0.4433608863842177
tao_110_iss,0.10773400990590998,0.11084149427649177
