feature,importances,std_dev
Ti,-0.0001317585871938772,0.004035774845659219
gamma_110_usf,0.4078972956068953,0.24805560152703943
gamma_123_usf,0.4016128170100531,0.24551807577879123
