feature,importances,std_dev
Ti,8.858018863298438e-05,0.0029722441209526457
gamma_110_usf,0.3686049307734809,0.2271884774855889
gamma_112_usf,0.40848428607387594,0.25264722572578063
