feature,importances,std_dev
Ti,0.0038437986547789973,0.0068009387003865746
Hf,0.0004214772048941495,0.030388492913807023
gamma_123_usf,0.963464264925543,0.587631484278399
