feature,importances,std_dev
Ti,0.0023269630123382476,0.0047501192827474475
Hf,0.0008764473766744387,0.029542725032922174
gamma_112_usf,1.0153146291353727,0.6064769283045784
