feature,importances,std_dev
Ti,0.0018714378963775359,0.003963424349000928
Hf,0.0007803846044849889,0.026545146519218087
gamma_110_usf,0.9949595617959183,0.5966665831615788
