feature,importances,std_dev
Ti,0.0028511922938269374,0.003393382076510838
Mo,0.30126614507592175,0.2216466497512144
gamma_110_usf,0.45850926860160546,0.2823659652386243
