feature,importances,std_dev
Ti,0.00017303623064094525,0.004740810985913902
Mo,0.3610145376998308,0.2480969188563118
gamma_123_usf,0.4380994410748568,0.2648823715167095
