feature,importances,std_dev
Ti,0.003866340999717439,0.0042821272726147955
Mo,0.3587623751725784,0.25340034577364673
gamma_112_usf,0.46454262074115954,0.28268055329215197
