feature,importances,std_dev
Ti,-0.00020194901081842473,0.00432138655210739
Zr,-0.0010058684890944017,0.008769311556117416
gamma_123_usf,1.0552715818260194,0.6227430133684163
