feature,importances,std_dev
Ti,0.00035204555647124397,0.0026688365307967056
Zr,-0.00198383667948502,0.012654577774381006
gamma_112_usf,1.0457546414935575,0.6227679209232391
