feature,importances,std_dev
Ti,0.0012652082814936145,0.003515099031908399
Zr,0.0013006857489134508,0.02274606389742735
gamma_110_usf,1.0400962373115699,0.6235795854835879
