feature,importances,std_dev
Zr,0.003565111209737916,0.010776080163955294
C44,0.21866379904583355,0.1414497231853781
gamma_112_usf,0.5275089285001392,0.31891483119746994
