feature,importances,std_dev
Zr,0.0015036509808697147,0.0037523549498095932
C44,0.15307110877914185,0.1035817411811551
gamma_123_usf,0.6322869270321766,0.37960801327274235
