feature,importances,std_dev
Zr,-0.0007378627194849211,0.002641011296979356
C12,0.3175201700233233,0.2253206681197966
gamma_110_usf,0.44153431131787246,0.2685922495930862
