feature,importances,std_dev
Zr,-0.0009757438261663887,0.003286548016608553
C12,0.2864549541525406,0.19985854901282826
gamma_112_usf,0.4870043986432154,0.295568531874034
