feature,importances,std_dev
Zr,-0.0018437875364155911,0.005870797946094503
C12,0.42047809658296903,0.2959178563709674
gamma_123_usf,0.370696787612186,0.22959730396614667
