feature,importances,std_dev
Zr,0.0011115663835292368,0.01379179618116265
Ecoh_(eV),0.0011088695381392885,0.0025920660817036014
gamma_110_usf,0.9622593006168785,0.5713434881645416
