feature,importances,std_dev
Zr,-0.0004995501966208791,0.007335480718478786
Ecoh_(eV),0.002113678446719313,0.00396505701851497
gamma_123_usf,1.0337419672802066,0.6170510725989516
