feature,importances,std_dev
Zr,-0.0005284830732297117,0.004540526653709128
Ecoh_(eV),0.0009491019436300105,0.0032302873508254087
gamma_112_usf,1.0363573669294148,0.6076093005286552
