feature,importances,std_dev
Zr,0.0001287968703002244,0.007255157874375831
gamma_110_usf,0.3953753476573512,0.24477063945549715
gamma_123_usf,0.36660626838714644,0.22689925194171556
