feature,importances,std_dev
Zr,0.0004832974496347159,0.010504822315750943
gamma_110_usf,0.3312549551863014,0.20135424803873422
gamma_112_usf,0.41277623252037493,0.24979527705169546
