feature,importances,std_dev
Zr,0.0002856293814868786,0.00659358520553524
gamma_112_usf,0.4231793276674119,0.2583903160973935
gamma_123_usf,0.36096987435888045,0.21911243669575786
