feature,importances,std_dev
Zr,0.0018775833726128236,0.014836223545529811
gamma_112_usf,0.6422913702271073,0.3960889743095719
tao_112_iss,0.13584957155656183,0.10456895925275456
