feature,importances,std_dev
Zr,-0.0017945373829115763,0.009237944686964794
gamma_123_usf,0.6310185712729234,0.387183412614822
tao_110_iss,0.09001943554388682,0.10558144434429008
